{
	"partitions" : [
		{
			"name" : "Top",
			"pins" : [
				{
					"name" : "L[0]",
					"strict" : false
				},
				{
					"name" : "L[1]",
					"strict" : false
				},
				{
					"name" : "L[2]",
					"strict" : false
				},
				{
					"name" : "L[3]",
					"strict" : false
				},
				{
					"name" : "L[4]",
					"strict" : false
				},
				{
					"name" : "L[5]",
					"strict" : false
				},
				{
					"name" : "L[6]",
					"strict" : false
				},
				{
					"name" : "L[7]",
					"strict" : false
				},
				{
					"name" : "switch",
					"strict" : false
				},
				{
					"name" : "clk_in",
					"strict" : false
				},
				{
					"name" : "reset",
					"strict" : false
				}
			]
		}
	]
}